{
	"groups":[
		{
			"keys":"bg,load_tv0,load_tv1,load_tv2",
			"name":"loading"
		},
		{
			"keys":"bg,tv,logo,button,content_png,penzai01,penzai02,baping_png,gungun_png,penzi_png,text_png,tmp,menu1,menu2,menu3",
			"name":"step"
		}
	],
	"resources":[
		{
			"name":"bg",
			"type":"image",
			"url":"assets/bg.jpg"
		},
		{
			"name":"load_tv0",
			"type":"image",
			"url":"assets/load/tv01.png"
		},
		{
			"name":"load_tv1",
			"type":"image",
			"url":"assets/load/tv02.png"
		},
		{
			"name":"load_tv2",
			"type":"image",
			"url":"assets/load/tv03.png"
		},
		{
			"name":"tv",
			"type":"image",
			"url":"assets/step1/tv.png"
		},
		{
			"name":"logo",
			"type":"image",
			"url":"assets/step1/logo.png"
		},
		{
			"name":"button",
			"type":"image",
			"url":"assets/step1/button.png"
		},
		{
			"name":"baping_png",
			"type":"image",
			"url":"assets/step1/baping.png"
		},
		{
			"name":"bg_jpg",
			"type":"image",
			"url":"assets/step1/bg.jpg"
		},
		{
			"name":"button_png",
			"type":"image",
			"url":"assets/step1/button.png"
		},
		{
			"name":"content_png",
			"type":"image",
			"url":"assets/step1/content.png"
		},
		{
			"name":"elem1_png",
			"type":"image",
			"url":"assets/step1/elem1.png"
		},
		{
			"name":"elem2_png",
			"type":"image",
			"url":"assets/step1/elem2.png"
		},
		{
			"name":"gungun_png",
			"type":"image",
			"url":"assets/step1/gungun.png"
		},
		{
			"name":"logo_png",
			"type":"image",
			"url":"assets/step1/logo.png"
		},
		{
			"name":"penzi_png",
			"type":"image",
			"url":"assets/step1/penzi.png"
		},
		{
			"name":"text_png",
			"type":"image",
			"url":"assets/step1/text.png"
		},
		{
			"name":"tv_png",
			"type":"image",
			"url":"assets/step1/tv.png"
		},
		{
			"name":"yagao_png",
			"type":"image",
			"url":"assets/step1/yagao.png"
		},
		{
			"name":"penzai01",
			"type":"image",
			"url":"assets/step1/01.png"
		},
		{
			"name":"penzai02",
			"type":"image",
			"url":"assets/step1/02.png"
		},
		{
			"name":"bg_jpg",
			"type":"image",
			"url":"assets/bg.jpg"
		},
		{
			"name":"tmp",
			"type":"image",
			"url":"assets/tmp.png"
		},
		{
			"name":"egret_icon_png",
			"type":"image",
			"url":"assets/egret_icon.png"
		},
		{
			"name":"description_json",
			"type":"json",
			"url":"config/description.json"
		},
		{
			"name":"animation_json",
			"type":"json",
			"url":"assets/animation/mc/animation.json"
		},
		{
			"name":"animation_png",
			"type":"image",
			"url":"assets/animation/mc/animation.png"
		},
		{
			"name":"v1_mp3",
			"type":"sound",
			"url":"assets/v1.mp3"
		},
		{
			"name":"menu1",
			"type":"image",
			"url":"assets/danmu/menu1.png"
		},
		{
			"name":"menu2",
			"type":"image",
			"url":"assets/danmu/menu2.png"
		},
		{
			"name":"menu3",
			"type":"image",
			"url":"assets/danmu/menu3.png"
		}
	]
}