{"mc":{"attack":{"frameRate":24,"events":[{"name":"@attack","frame":14}],"frames":[{"y":-336,"res":"atc_0","duration":1,"x":-118},{"y":-337,"res":"atc_1","duration":1,"x":-112},{"y":-339,"res":"atc_2","duration":1,"x":-107},{"y":-340,"res":"atc_3","duration":1,"x":-101},{"y":-340,"res":"atc_4","duration":1,"x":-95},{"y":-341,"res":"atc_5","duration":1,"x":-90},{"y":-341,"res":"atc_6","duration":1,"x":-90},{"y":-341,"res":"atc_7","duration":1,"x":-90},{"y":-341,"res":"atc_8","duration":1,"x":-90},{"y":-341,"res":"atc_9","duration":1,"x":-90},{"y":-342,"res":"atc_10","duration":1,"x":-136},{"y":-350,"res":"atc_11","duration":1,"x":-180},{"y":-343,"res":"atc_12","duration":1,"x":-224},{"y":-343,"res":"atc_13","duration":1,"x":-224},{"y":-343,"res":"atc_14","duration":1,"x":-224},{"y":-343,"res":"atc_15","duration":1,"x":-224},{"y":-343,"res":"atc_16","duration":1,"x":-224},{"y":-343,"res":"atc_17","duration":1,"x":-224},{"y":-343,"res":"atc_18","duration":1,"x":-224},{"y":-343,"res":"atc_19","duration":1,"x":-224},{"y":-343,"res":"atc_20","duration":1,"x":-224},{"y":-348,"res":"atc_21","duration":1,"x":-202},{"y":-350,"res":"atc_22","duration":1,"x":-182},{"y":-348,"res":"atc_23","duration":1,"x":-161},{"y":-342,"res":"atc_24","duration":1,"x":-139},{"y":-339,"res":"atc_25","duration":1,"x":-133},{"y":-337,"res":"atc_26","duration":1,"x":-127}],"labels":[{"end":27,"name":"atc","frame":1}]}},"file":"animation.png","res":{"atc_2":{"x":1362,"y":709,"w":233,"h":353},"atc_0":{"x":1595,"y":1060,"w":231,"h":350},"atc_10":{"x":640,"y":357,"w":250,"h":356},"atc_16":{"x":328,"y":357,"w":312,"h":357},"atc_14":{"x":0,"y":714,"w":320,"h":357},"atc_12":{"x":0,"y":0,"w":336,"h":357},"atc_18":{"x":0,"y":1071,"w":314,"h":357},"atc_13":{"x":0,"y":357,"w":328,"h":357},"atc_1":{"x":1595,"y":709,"w":232,"h":351},"atc_17":{"x":320,"y":714,"w":313,"h":357},"atc_8":{"x":884,"y":0,"w":236,"h":355},"atc_7":{"x":890,"y":355,"w":236,"h":355},"atc_9":{"x":648,"y":0,"w":236,"h":355},"atc_23":{"x":911,"y":714,"w":257,"h":361},"atc_4":{"x":1356,"y":0,"w":235,"h":354},"atc_20":{"x":0,"y":1428,"w":314,"h":357},"atc_26":{"x":628,"y":1078,"w":228,"h":350},"atc_25":{"x":1362,"y":354,"w":227,"h":353},"atc_6":{"x":1120,"y":0,"w":236,"h":355},"atc_5":{"x":1126,"y":355,"w":236,"h":355},"atc_21":{"x":614,"y":1428,"w":296,"h":362},"atc_19":{"x":314,"y":1071,"w":314,"h":357},"atc_24":{"x":1591,"y":0,"w":233,"h":356},"atc_11":{"x":314,"y":1428,"w":300,"h":364},"atc_22":{"x":633,"y":714,"w":278,"h":364},"atc_3":{"x":1591,"y":356,"w":234,"h":353},"atc_15":{"x":336,"y":0,"w":312,"h":357}}}